{
  "Afrique du Sud": [22.937506, -30.559482],
  "Algérie": [1.659626, 28.033886],
  "Angola": [17.873887, -11.202692],
  "Bénin": [2.315834, 9.30769],
  "Botswana": [24.684866, -22.328474],
  "Burkina Faso": [-1.561593, 12.238333],
  "Burundi": [29.918886, -3.373056],
  "Cap-Vert": [-23.0418, 16.5388],
  "Cameroun": [12.354722, 7.369722],
  "Comores": [43.872219, -11.875001],
  "Côte d'Ivoire": [-5.54708, 7.539989],
  "Djibouti": [42.590275, 11.825138],
  "Égypte": [30.802498, 26.820553],
  "Érythrée": [39.782334, 15.179384],
  "Eswatini": [31.465866, -26.522503],
  "Éthiopie": [40.489673, 9.145],
  "Gabon": [11.609444, -0.803689],
  "Gambie": [-15.310139, 13.443182],
  "Ghana": [-1.023194, 7.946527],
  "Guinée-Bissau": [-15.180413, 11.803749],
  "Guinée équatoriale": [10.267895, 1.650801],
  "Kenya": [37.906193, -0.023559],
  "Lesotho": [28.233608, -29.609988],
  "Liberia": [-9.429499, 6.428055],
  "Libye": [17.228331, 26.3351],
  "Madagascar": [46.869107, -18.766947],
  "Malawi": [34.301525, -13.254308],
  "Mali": [-3.996166, 17.570692],
  "Maroc": [-7.09262, 31.791702],
  "Maurice": [57.552152, -20.348404],
  "Mauritanie": [-10.940835, 21.00789],
  "Mozambique": [35.529562, -18.665695],
  "Namibie": [18.49041, -22.95764],
  "Nigéria": [8.6753, 9.082],
  "Ouganda": [32.290275, 1.373333],
  "République centrafricaine": [20.939444, 6.611111],
  "République démocratique du Congo": [21.758664, -4.038333],
  "République de Guinée": [-9.696645, 9.945587],
  "République du Niger": [2.213749, 13.55],
  "Rwanda": [29.873888, -1.940278],
  "Sao Tomé-et-Príncipe": [6.613081, 0.18636],
  "Sénégal": [-14.452362, 14.497401],
  "Seychelles": [55.491977, -4.679574],
  "Sierra Leone": [-11.779889, 8.460555],
  "Somalie": [46.199616, 5.152149],
  "Soudan": [30.217636, 12.862807],
  "Soudan du Sud": [30.154899, 7.862684],
  "Tanzanie": [34.888822, -6.369028],
  "Tchad": [18.732207, 15.454166],
  "Togo": [1.519659, 8.619543],
  "Tunisie": [9.537499, 34.014478],
  "Zambie": [27.849332, -13.133897],
  "Zimbabwe": [29.154857, -19.015438]
}